cue,R1
way,path
month,moon
part,piece
area,maths
money,coins
child,mother
state,country
year,time
story,book
mother,other
family,vacation
number,letter
day,night
company,acquire
place,put
woman,man
case,brief
life,love
work,play
country,land
word,
night,velvet
right,left
week,seven days
time,zone
question,how meany
hand,at
job,career
problem,solved
eye,lid
eye,opener
student,me
people,humans
life,vest
study,erudite
point,me
month,period
state,new
week,today
year,2000
thing,green
question,time
money,bear
number,letter
hand,by
country,my
system,shock
school,education
place,where
child,parent
woman,man
business,work
work,drudgery
area,geometry
case,closure
night,evening
fact,fiction
time,flies
word,saying
word,sentence
time,ticking
water,aqua
way,down
people,group
life,kind
group,coupon
business,work
woman,girl
area,space
case,study
day,one
work,job
study,school
hand,finger
school,high
thing,wild
week,Monday
year,day
problem,solver
story,key
book,Harry Potter
company,friends
night,dark
lot,acreage
question,answer
month,day
right,wrong
eye,lashes
room,cozy
country,pride
home,house
part,whole
number,addition
state,America
place,area
way,street
book,novel
room,space
school,day
case,study
week,seven
day,night
night,day
hand,handsome
world,globe
child,baby
study,journal
fact,truth
issue,magazine
year,of
right,wrong
company,friend
area,square
man,boy
lot,cattle
work,play
story,book
problem,challenge
student,teacher
number,one
woman,man
thing,it
part,hair
water,drink
money,make
system,nerves
country,land
point,pen
eye,catching
state,police
word,association
lot,plenty
company,visitors
night,owl
book,read
fact,truth
part,slice
day,night
child,baby
hand,made
country,Australia
point,sharp
water,H2O
time,table
issue,problem
business,serious
state,mind
school,kids
eye,patch
month,August
way,far a
money,excitement
right,wrong
case,suitcase
man,woman
world,government
mother,mom
thing,dealing
woman,female
week,end
study,books
area,square
family,friends
question,answer
system,set up
job,Gob
work,leisure
home,ground
way,road
life,fulfillment
time,timetable
story,tale
family,want
job,work
work,ugh
country,city
school,home
water,running
question,knowledge
year,age
lot,many
company,family
book,read
day,week
point,empty
mother,old
word,plagiarize
fact,fun
number,one
night,evening
child,baby
group,out group
part,heart
case,brief
problem,no
money,green
world,green
eye,ball
issue,tissue
week,day
room,space
man,strong
time,clock
way,no
problem,dilemma
people,culture
thing,person
day,night
man,male
world,earth
job,money
place,time
year,month
fact,fiction
part,slice
lot,allotment
country,Australia
business,work
month,year
life,question
book,read
woman,girl
week,day
state,territory
water,daughter
story,family
question,answer
night,time
point,guard
word,association
study,room
child,adolescent
school,circle
area,large
issue,paper
company,friends
right,correct
system,manager
eye,see
mother,father
group,crowd
student,teacher
family,friends
room,bed
work,job
work,out
word,dictionary
part,half
fact,fiction
student,teacher
home,heart
group,team
world,view
life,long
book,read
country,state
study,hard
place,park
school,child
case,closed
time,lose
month,year
problem,class
system,systematic
child,kid
area,59
state,union
question,answer
water,home
family,care
issue,matter
man,woman
story,teller
right,wrong
eye,ball
mother,father
people,friends
point,sharp
hand,shake
job,crushing
week,meek
night,all through the
way,direction
number,letter
year,birthday
lot,many
money,greed
day,week
business,way
student,me
job,career
home,here
point,click
place,people
eye,candy
school,fun
group,fun
world,war
problem,student
state,union
child,mine
system,of
day,night
company,alone
way,right
area,Dublin
woman,wife
people,life
work,play
right,wrong
money,power
month,January
case,books
week,day
mother,maternal
life,death
part,belong
time,is on my side
room,with a view
word,salad
country,native
fact,reason
family,community
night,evening
book,text
thing,is
way,path
company,job
job,work
right,wrong
business,partner
area,map
home,house
child,boy
place,locale
people,person
eye,glasses
week,end
school,room
group,team
mother,father
hand,mouth
system,machine
book,read
work,play
problem,solution
country,tis
water,cool
state,country
story,narrative
room,living room
point,finger
thing,action
day,year
year,month
question,answer
night,sleep
family,home
money,green
case,upper
fact,finder
month,date
man,male
issue,problem
time,tide
woman,man
study,book
people,watching
month,calendar
group,not alone
student,debt
thing,one
fact,fiction
company,guests
word,game
place,stable
year,annual
water,wet
country,field
way,foot
state,jay-z
number,one
right,left
hand,work
hand,left
day,light
business,man
school,teacher
child,baby
case,law
mother,mum
system,method
job,search
room,big
week,day
area,play
time,clock
problem,solution
story,book
issue,problem
study,books
home,house
money,love
book,mark
book,read
life,death
question,answer
man,woman
part,section
point,atlas
world,planet
family,parents
night,dark
eye,sight
lot,much
work,travail
home,heart
place,home
man,yes
system,organization
number,one
question,mark
job,work
family,love
work,horse
part,body
world,round
study,learn
state,affairs
area,confine
way,out
life,death
week,seven days
people,nations
child,infant
point,finger
case,brief
day,time
mother,child
fact,truth
lot,many
night,stars
country,nationality
money,cash
eye,nose
month,day
story,book
student,study
water,good
company,money
time,game
issue,problem
student,eat
hand,arm
issue,magazine
book,vocabulary
job,work
study,college
water,drink
home,safe
place,name
time,early
people,person
way,road
eye,glasses
life,death
fact,fiction
problem,conundrum
money,dollar
case,suitcase
thing,object
week,day
business,suit
day,night
man,woman
number,things
country,rural
story,book
company,friends
company,good
lot,whole
room,house
night,late
question,answer
child,baby
point,finger
mother,mom
system,body
part,one
school,elementary
part,whole
month,week
area,round
work,hard
woman,figure
woman,man
state,representative
state,country
group,study
right,handed
year,week
world,war
right,side
group,policy
right,left
point,pencil
eye,ball
lot,auction
study,learn
place,location
student,me
business,card
home,house
time,sand
money,diner
work,study
word,noun
work,shift
question,puzzled
water,sea
night,day
fact,truth
case,need
way,path
book,bag
thing,place
system,earth
mother,father
week,day
family,home
man,is
people,places
issue,problem
year,time
room,bed
school,class
number,numeral
day,night
problem,challenge
story,literature
hand,left
country,USA
job,work
life,death
area,location
child,mother
family,home
month,may
study,hard
fact,fiction
state,empire
area,arena
group,friends
problem,question
people,magazine
number,math
issue,magazine
mother,father
hand,foot
job,
system,builder
eye,ball
story,book
country,America
life,vibrant
year,century
job,work
money,coins
book,page
case,based
book,dusty
world,globe
time,clock
school,field trip
day,night
thing,anything
room,full
lot,a
student,teacher
room,of
part,hair
place,house
part,hair
place,Chicago
home,Thanksgiving
company,friends
way,road
water,
woman,man
child,kid
man,woman
business,corporation
point,pencil
night,dark
word,letters
problem,solution
day,night
number,one
week,one
mother,right
year,month
area,math
number,one
water,wet
month,day
business,money
point,pin
lot,lottery
night,day
life,game
study,desk
fact,ascertain
story,never ending
time,casual
case,backup
student,academic
people,animals
system,computer
money,power
school,read
thing,object
company,corporation
family,Christmas
eye,ball
country,nation
hand,shake
group,alone
issue,matter
world,globe
group,gang
state,flag
question,answer
home,house
question,answer
child,julianna
child,children
right,left
country,origin
month,year
family,time
company,friend
place,time
part,incomplete
business,work
fact,fiction
man,woman
people,suck
night,dark
hand,glove
thing,pen
book,rip
lot,Jerusalem
world,everything
job,career
state,country
mother,father
case,legal
problem,solve
way,more
life,game
time,management
school,learning
area,career
home,heart
year,calendar
day,night
water,swim
story,telling
room,temperature
woman,man
point,dot
week,day
question,answer
system,protest
right,on
thing,ring
room,solitude
story,tale
number,zero
people,person
state,South Carolina
study,research
point,blank
area,place
time,clock
company,good
month,day
year,decade
business,personal
life,biology
man,woman
way,road
home,sweet
woman,person
eye,ball
issue,magazine
part,play
school,yard
job,search
hand,price
place,placate
case,study
child,kid
day,today
student,teacher
night,dark
fact,fiction
world,small
family,tree
lot,much
mother,father
word,write
country,code
problem,solution
country,music
work,force
problem,solution
money,green
book,Facebook
book,tome
way,Jesus
week,seven days
hand,finger
lot,wood
state,sovereign
child,protect
company,good
people,husband
part,some
part,pink
night,bread
man,human
system,management
school,books
school,Valerie
group,picture
month,year
time,rush
word,many
study,library
place,New York
business,accounting
world,view
money,cash
water,lake
issue,magazine
case,pack
student,school
student,English
fact,check
student,teacher
year,2011
home,hearth
eye,face
lot,an amount
issue,magazine
number,digit
day,night
week,day
time,money
room,house
group,people
story,ale
country,United States
case,grammar
study,learn
man,woman
book,reading
people,persons
water,aqua
word,games
company,hosting
woman,man
woman,man
area,square
money,it's a gas
work,home
job,work
hand,fingers
mother,father
night,evening
year,2011
point,to point
right,left
way,cool
system,role
home,house
fact,word
state,united
problem,solution
place,here
life,experience
month,work
business,work
family,love
life,loving it
people,men
place,home
group,sex
word,definition
book,read
word,letters
number,23
fact,check
time,watch
work,challenge
water,wet
hand,write
mother,father
man,woman
question,query
week,seven days
school,work
eye,glasses
world,wide
lot,group
system,spontaneous
money,cash
home,house
study,books
country,Australia
family,wife
way,which
business,money
year,off
problem,child
job,work
month,pay
point,click
child,baby
night,day
case,trip
room,of one's own
case,file
issue,edition
thing,stuff
issue,give
thing,object
thing,item
thing,every
story,up
story,tale
place,put
group,collection
lot,many
water,liquid
room,space
number,cruncher
problem,difficulty
company,corporation
woman,man
point,center
book,words
time,watch
job,search
work,hard
school,work
way,whey
mother,father
man,fire
people,human
life,birth
world,earth
area,place
month,day
study,abroad
money,devil
eye,sees
business,people
state,emergency
day,night
child,hat
student,learner
week,day
night,fun
hand,to mouth
part,parcel
right,left
home,house
question,curiosity
right,left
country,city
way,court
people,person
week,day
school,education
world,globe
family,love
study,think
day,light
home,sweet
time,clock
company,man
room,house
job,career
eye,ball
month,year
problem,oops
state,awareness
part,of a whole
fact,truth
mother,mom
case,law
number,game
hand,foot
night,crawler
woman,man
group,study
child,young
book,road deal
system,plan
student,youngster
day,time
school,teach
week,day
case,of beer
group,many
system,change
family,friends
lot,of
business,establishment
story,narrative
year,calendar
eye,iris
place,here
problem,challenge
study,theory
right,correct
woman,her
job,employment
state,smash
home,house
people,places
month,day
money,argent
issue,bonds
life,living
mother,child
child,hood
hand,give
part,of
book,read
work,labor
country,Canada
company,work
area,space
word,language
water,lake
time,minutes
question,answer
story,book
country,Canada
student,study
lot,building
year,1980
company,good
money,cunt
job,work
thing,noun
group,friends
woman,beauty
child,adolescent
case,container
people,human
number,number
mother,mom
part,two
system,of a down
fact,opinion
state,colony
school,learn
book,reservation
problem,issue
place,space
question,question mark
issue,tissue
study,hall
life,fly
word,symbol
hand,help
work,dishes
family,child
night,dark
week,day
world,globe
home,house
man,human
day,night
point,see
issue,question
number,letter
state,country
way,one
school,sleep
business,occupation
country,road
study,hall
family,love
problem,math
money,rich
home,baby
year,x
month,year
room,closed
thing,item
mother,love
case,study
hand,hold
child,parent
part,half
woman,wily
right,wrong
time,off
word,say
job,life
place,here
fact,knowledge
man,woman
question,answer
work,shop
group,groupon
work,responsibility
student,young
point,dot
story,tale
day,light
book,read
night,owl
people,peeps
area,land
world,globe
system,error
system,analysis
week,days
water,wet
water,fall
hand,give
eye,optics
book,language
week,Monday
word,noun
issue,protagonist
place,person
place,town
room,view
area,rug
money,green
family,friends
fact,of life
study,books
man,women
number,how many
time,watch
day,night
thing,monster
people,happiness
woman,kind
world,geography
country,USA
school,college
student,young
year,Lear
state,late
lot,a
company,keep
job,money
case,square
story,tale
home,sleep
problem,solve
point,finger
part,
night,time
child,parent
group,alone
month,twelve
right,wrong
part,piece
issue,question
state,country
eye,ball
year,365
mother,did
people,persons
fact,truth
eye,ball
school,homework
month,day
study,homework
book,dictionary
water,hydrate
number,
life,game
case,study
system,computer
week,end
way,wheat
night,day
point,pin
work,study
business,money
man,penis
company,business
day,one
right,wrong
thing,slim
family,love
problem,trouble
lot,a lot
hand,hold
world,news
student,hardworking
home,heart
story,line
mother,father
question,answer
room,ballroom
month,year
man,woman
right,wrong
case,brief
student,organization
lot,cars
day,today
family,home
world,ball
number,one
word,association
hand,fingernails
part,whole
issue,problem
study,learn
place,destination
system,computer
people,world
woman,man
water,ocean
fact,detail
problem,difficult
job,work
night,light
work,play
state,nation
story,telling
group,work
life,death
money,green
thing,some
point,foot
child,kid
time,clock
week,time
country,state
business,school
area,town
company,companion
home,heart
year,day
year,abuse
book,read
way,say
number,one
case,brief
week,day
system,of a down
money,wealth
mother,mom
job,work
business,empty
hand,thumb
state,chemistry
part,of my life
day,morning
eye,ball
country,state
word,list
lot,little
family,friends
point,space
child,baby
story,book
night,owl
room,area
issue,magazine
life,good
right,wrong
student,school
area,perimeter
man,woman
study,sleep
world,wide
work,tired
thing,one
time,procrastination
home,warmth
school,learn
people,lonely
fact,true
book,read
problem,issue
month,November
group,number
question,ask
man,woman
people,person
question,mark
day,night
number,one
problem,solve
state,of being
mother,son
home,heart
school,education
right,wrong
time,out
job,work
thing,many
money,dollar
eye,iris
student,master
fact,rich
company,you keep
year,one
hand,washing
life,alive
study,desk
part,time
place,holder
country,nation
lot,property
group,collection
system,failure
story,lines
issue,standard
child,kid
family,mum
way,home
woman,female
business,work
work,keep
water,refreshing
month,week
book,read
world,globe
case,study
area,fifty-four
week,month
state,nanny
home,family
water,ice
woman,fair
system,oppression
number,lots
money,wealth
word,phrase
night,stars
point,finger
hand,glove
problem,solution
area,measurement
work,place
world,small
issue,subject
year,days
mother,father
business,money
fact,fiction
company,business
time,clock
thing,the
student,male
group,insurance
way,up top
book,library
people,man
part,piece
week,day
study,books
right,left
life,42
man,woman
eye,ears
job,hunting
story,words
child,care
case,study
question,bad
lot,a
day,night
place,filled
room,door
room,one's own
school,work
right,on
number,one
country,USA
water,fall
school,fun
issue,magazine
day,sun
night,time
month,year
week,day
man,woman
thing,other
home,house
place,location
lot,amount
people,friends
year,Tory
area,place
story,teller
question,ask
hand,over
system,computer
eye,glasses
world,oyster
problem,issue
woman,strong
way,road
work,study
study,read
job,hand
case,upper
student,studying
mother,guide
book,page
business,job
point,pointless
state,American state
part,ways
family,problems
group,setting
money,dough
company,group
time,clock
word,read
fact,factoid
point,of view
people,men
question,answer
hand,finger
group,gang
country,England
lot,much
issue,problem
right,correct
story,correct
business,company
case,tick
way,route
word,association
home,house
day,night
night,day
book,paper
year,day
study,room
area,work
mother,daughter
company,stocks
fact,fiction
woman,girl
problem,solve
world,earth
state,quo
room,space
state,situation
family,kin
family,friends
student,learning
life,time
business,card
child,welfare
story,tale
study,work
lot,okay
system,administrator
question,mark
people,friends
way,path
word,noun
room,rent
week,end
eye,eye
part,split
thing,stuff
year,leap year
month,day
year,annual
fact,true
night,dark
group,together
right,left
number,anesthesia
issue,without
woman,man
world,earth
hand,maiden
problem,solution
case,legal
home,family
case,explanation
case,study
book,page
book,good
day,night
money,hungry
book,worm
money,wallet
man,woman
man,woman
point,decimal
student,teacher
family,love
right,left
hand,held
job,helper
number,maths
night,sky
business,capitalist
business,boring
time,prompt
month,November
country,England
room,bedroom
life,love
mother,father
work,job
woman,skirt
day,night
problem,Quandary
issue,theme
eye,ball
story,book
people,people person
week,weekly
question,time
company,friends
part,company
system,failure
area,vicinity
place,position
home,improvement
fact,Trey
school,class
school,class
time,passes
eye,tooth
student,party
man,woman
word,verb
right,wrong
water,chocolate
home,window
lot,acre
issue,subject
life,breath
part,party
hand,eye
study,cram
job,work
place,home
woman,man
mother,father
money,time
world,study
child,baby
question,answer
country,place
point,sharp
system,analyst
thing,that
number,3
year,yearly
story,book
problem,difficult
area,room
fact,truth
day,night
way,go
company,association
family,mother
state,of mind
week,time
people,crowd
state,digital switch
time,hour
problem,discussion
way,no
right,wrong
book,reading
life,energy
student,teacher
group,identity
money,none
work,job
country,rural
lot,very
mother,father
work,
story,tale
fact,info
area,location
home,is where the heart is
world,earth
people,persons
point,blank
day,light
water,drink
week,day
eye,beautiful
study,work
night,dark
thing,object
case,beer
month,day
hand,eye
word,association
number,numerals
man,love
job,occupation
place,over
business,money
room,space
family,love
system,equation
business,class
business,as usual
company,business
issue,topic
company,corporation
question,query
woman,man
people,an anime show
world,earth
story,tale
month,year
home,house
issue,problem
week,weak
life,live
group,friends
money,green
place,person
child,cry
right,left
water,fluid
word,sentence
student,school
state,nation
lot,batch
night,sleep
case,load
room,living dining
question,answer
way,path
country,field
thing,a-me-bob
job,employment
part,section
woman,girl
area,place
man,human
time,line
hand,job
fact,
point,indicate
family,and friends
job,Bible
water,drinkable
year,school
story,time
day,period
problem,thorny
life,death
thing,vague
right,left
money,bill
mother,father
state,government
book,nook
home,here
child,boy
world,view
question,mark
place,home
place,position
room,place
lot,yard
case,study
eye,see
woman,man
month,day
word,word
student,read
area,acre
week,end
area,
work,play
night,nocturnal
student,learner
work,horse
company,friendship
lot,more
part,play
part,music
issue,give
part,some
issue,topic
issue,question
way,path
man,woman
way,road
group,combine
group,clique
way,no way
man,woman
man,bloke
way,down
way,path
question,mark
hand,limb
country,land
woman,female
right,grabbing
eye,see
year,born
year,annual
life,vitality
number,one
case,suitcase
number,count
mother,parent
story,telling
life,
state,declare
home,safe
business,shop
job,work
home,heart
book,read
child,boy
room,divider
time,age
week,time
people,folks
thing,something
point,dot
day,night
word,spell
people,folk
money,game
day,rehabilitation
fact,true
money,cash
school,mar
day,light
problem,inquire
fact,true
family,siblings
system,computer
family,relatives
system,operations
family,kids
problem,opportunity
problem,answer
system,organization
water,thirsty
world,round
system,connected whole
world,earth
problem,solution
water,milk
family,mom
world,globe
study,cram
world,after ten
water,table
world,earth
system,network
study,learn
water,fluid
water,cooler
water,hydrogen oxide
study,experiment
study,learn
study,exam
job,work
study,work
study,learn
right,correct
study,examine
study,learn
study,school
work,weary
study,books
study,homework
job,money
story,fairytale
school,place
eye,sight
student,learner
word,meaning
eye,iris
room,spacious
business,class
time,was
child,girl
question,query
woman,female
company,gregarious
eye,see
mother,mum
eye,see
mother,loving
place,card
mother,embrace
area,space
hand,face
hand,tool
lot,little
book,store
case,briefcase
book,read
month,year
right,wrong
country,homeland
country,upset
night,owl
book,reader
night,dark
country,geography
night,day
night,evening
country,mine
country,nation
country,USA
country,town
country,US
question,ask
child,psychology
case,sensitive
word,turd
area,square
fact,truth
time,hour
month,time
time,minute
school,ties
state,say
story,tale
question,answer
time,fast
word,dictionary
place,space
month,year
school,student
number,one
home,body
area,site
place,site
woman,me
home,warm
student,university
year,ad
woman,lady
business,enterprise
room,space
people,person
issue,handkerchief
woman,lady
student,learner
thing,object
room,empty
place,location
room,place
company,business
woman,female
work,job
week,seven days
thing,phrase
issue,children
thing,item
lot,haunted home
thing,item
thing,sure
lot,many
life,exist
number,count
man,he
job,work
life,death
group,gathering
man,woman
year,seasons
hand,right
point,shoot
child,parent
point,sharp
company,group
company,organization
child,infant
right,reecho
right,left
job,work
right,left
job,task
mother,father
year,2011
question,ask
student,learner
business,cubicles
day,night
people,lonely
people,carrier
money,bags
fact,Indisputable
month,year
week,day
word,phrase
business,enterprise
mother,woman
word,text
number,count
group,meeting
number,count
people,masses
story,fable
state,mind
part,separate
people,folks
word,basic unit
people,are strange
business,none
book,read
part,particle
hand,arthritis
part,time
number,ten
money,loot
state,rights
hand,left
hand,fingers
group,ensemble
state,of war
book,tome
book,library
state,say
state,hood
story,teller
book,mark
state,of
hand,arm
hand,heart
child,baby
work,toil
school,education
case,box
issue,topic
man,woman
problem,no
room,key
system,complex
school,high
man,boy
family,mom
system,way
home,family
day,today
fact,idea
question,mark
life,viable
week,work
area,room
year,date
world,global
time,hour
work,achieve
week,paper
home,base
fact,true
student,learner
question,query
question,query
world,sphere
area,territory
year,age
fact,true
family,gathering
year,date
life,great
area,code
student,learn
month,day
family,dog
family,mom
family,kids
month,April
month,of days
eye,watch
eye,lid
month,day
family,parents
family,values
eye,ball
eye,vision
eye,glasses
eye,sight
eye,see
eye,I
eye,optical
year,age
eye,glasses
problem,child
lot,pound
money,talks
eye,ball
time,out
way,out
eye,ball
day,calendar
eye,Oculus
eye,brow
company,corporation
eye,catching
place,home
case,violin
issue,newspaper
way,path
company,corporation
child,adult
lot,amount
lot,chance
night,time
room,house
story,tale
woman,man
night,day
story,tale
water,ho
night,evening
story,fiction
story,tale
story,tale
story,tale
mother,mom
story,time
mother,father
mother,father
mother,father
mother,love
mother,father
mother,mom
mother,mum
mother,Teresa
mother,warm
mother,father
business,acumen
day,night
issue,stance
day,night
problem,worry
business,courses
group,gang
word,name
issue,tissue
point,finger
word,study
day,today
thing,penis
life,unique
day,light
business,occupation
issue,copy
place,fire
word,expression
life,death
system,systemic
word,name
life,living
child,kid
man,woman
issue,heir
issue,journal
life,death
point,out
word,idea
place,location
part,hair
problem,difficult
thing,item
system,way
word,name
number,many
problem,solver
man,hood
world,globe
group,people
problem,math
group,order
number,five
woman,man
work,career
problem,solve
work,labor
work,business
world,war
woman,man
world,earth
home,here
world,planet
work,day
home,family
work,aggravation
home,away from home
home,house
home,apartment
school,education
home,work
part,whole
money,cash
part,theater
week,days
school,book
child,little
fact,true
week,work
case,holder
job,jobless
company,business
job,employment
way,street or route
company,army
question,answer
child,kid
way,method
case,valise
time,ages
company,companions
question,mark
company,consolidated
company,guests
company,calling
way,manner
case,box
question,answer
time,watch
time,minute
time,now
time,hour
time,flies
system,decimal
water,liquid
place,plane
woman,body
book,read
water,wet
area,field
point,game
room,divider
people,folk
book,novel
system,down
place,home
right,OK
year,season
point,power
point,taken
lot,plot
number,count
student,pupil
month,year
student,young
year,end
woman,man
fact,truth
book,mark
man,trap
fact,fiction
number,amount
man,woman
place,site
fact,occurrence
place,location
right,good
number,statistic
money,green
place,people
fact,fiction
money,dollars
fact,item
money,cash
fact,truth
money,cash
year,annum
year,annual
money,enough
right,wrong
money,lucre
money,cash
thing,
thing,object
right,wrong
thing,object
thing,item
thing,object
thing,object
thing,each
thing,item
thing,some
school,law
thing,something
thing,gadget
thing,hair
thing,object
thing,stuff
people,friends
thing,object
night,darkness
area,sector
thing,item
room,enough
area,rural
lot,allotment
student,studying
country,south
week,time
room,chamber
school,bus
school,answer
night,darkness
group,support
group,association
week,seven days
student,one who is taught
month,day
lot,for
month,year
week,weak
area,place
country,state
area,measurement
room,space
area,circle
hand,foot
country,America
area,play
month,day
business,good
area,grass
month,year
lot,a lot
job,position
country,rural
business,enterprise
night,night
night,day
business,exercise
night,dark
hand,feed
hand,fingers
country,home
hand,play
business,model
business,school
job,fulfill
business,duty
job,work
country,open
business,activity
business,suit
job,employment
job,work
business,company
business,people
people,person
job,boring
group,several
part,section
life,death
question,ask
day,24 hours
state,proclaim
way,forward
day,sunrise
case,box
woman,female
system,analysis
world,earth
man,woman
man,woman
child,napper
question,why
man,woman
system,method
way,path
man,woman
man,attend
system,organization
day,night
world,earth
system,route
system,computer
question,answer
day,daylight
child,baby
day,light
child,baby
system,way
case,worker
case,jury
question,answer
system,complex
question,interrogate
system,computer
question,answer
question,ask
day,night
case,detective
question,argue
day,Sunday
child,tot
system,organization
case,survey
day,light
case,ligature
system,half
system,digestive
system,library
case,study
case,file
case,study
system,failure
system,dos
people,person
water,well
work,number
issue,problem
number,quantity
water,liquid
number,one
water,moisten
water,clean
number,one
work,labor
issue,fight
number,digit
water,lake
part,hair
part,of
problem,avoiding
number,quantity
part,whole
issue,take
water,eau
issue,born
number,runner
water,land
work,play
water,wet
work,play
part,section
problem,issue
water,earth
problem,difficulty
part,separate
number,one
problem,solve
work,labor
work,play
work,play
work,time
problem,solved
part,some
problem,worry
part,piece
work,effort
problem,challenge
problem,stuck
part,book
problem,question
part,leave
problem,trouble
part,piece
problem,equation
problem,math
part,piece
problem,solved
part,piece
part,whole
problem,solution
problem,solve
part,car
problem,issue
part,piece
part,engine
problem,solve
part,actor
problem,situation
problem,solution
home,healthy
part,separate
problem,solve
part,piece
home,comforts
life,existence
point,view
group,collaborate
family,parents
book,club
week,day
lot,acreage
family,friends
people,humans
woman,girl
lot,amount
home,house
lot,vacant lot
woman,man
family,wife
group,friends
week,work
lot,fate
week,seven
right,correct
group,party
group,games
people,person
group,herd
people,hate
family,values
right,left
right,wrong
word,langauga
word,verb
right,wrong
right,wrong
word,thought
word,process
right,mister
right,often
right,wrong
right,wrong
right,correct
right,relevant
right,left
right,rightist
right,direction
right,wrong
right,direction
right,on
right,away
right,wrong
right,left
right,correct
right,left
right,wrong
right,wrong
month,about 30 days
right,correct
company,guest
world,earth
company,friend
place,where
school,bus
book,reading
company,party
book,mark
room,bed
world,geography
life,vitality
company,friends
life,after
life,death
way,road
life,death
life,long
month,long
life,force
way,street
month,year
life,green
way,to
month,year
way,back
month,November
way,route
month,twelve
way,Appian
way,go
night,dark
student,neophyte
room,living
school,college
hand,palm
hand,manual dexterity
night,day
study,boring
woman,man
time,
night,good
time,flies
woman,girl
time,hour
night,day
room,space
study,long
time,flies
woman,female
school,teach
study,hall
story,bedtime
story,time
story,teller
story,teller
story,book
story,tale
country,tis of the
year,one
state,aver
place,spot
week,seven
year,one
country,United States
fact,datum
world,earth
place,town
fact,truth
state,exclaim
state,nation
student,learn
point,shoot
point,algebra
book,paper
point,pencil
student,child
student,undergraduate
book,worm
fact,truth
book,read
job,dog
point,direction
book,read
fact,science
fact,fiction
book,thought
job,market
job,work
book,read
fact,fiction
book,read
job,seeker
fact,matter
fact,fiction
book,enroll
fact,item
fact,false
job,well done
fact,fiction
job,work
book,binder
job,employment
fact,truth
fact,knowledge
fact,of life
book,mark
job,work
fact,actual
job,work
job,work
job,task
fact,fiction
job,money
home,sweet
child,middle
family,child
child,young person
lot,salt
money,launder
child,infant
man,woman
area,around
child,less
room,bed
lot,many
family,mum
man,dad
child,kid
man,homo
man,adult male
child,toddler
family,flock
man,woman
lot,group
money,cash
world,earth
lot,sale
money,cash
lot,parking
world,view
lot,whole
money,lucre
world,earth
year,day
home,house
year,days
country,political domain
place,home
home,house
group,think
school,smart
room,with a view
issue,problem
group,people
issue,children
company,visitors
school,Ecole
school,learn
woman,female
room,space
room,bed
issue,item
people,human
people,populate
country,landscape
woman,lady
room,apartment
room,bedroom
group,plain
issue,newspaper
group,friends
people,friends
woman,female
study,school
company,business
woman,female
group,number
study,hall
group,think
company,guest
group,scouts
study,paper
group,field
study,learn
study,learn
week,month
week,work
week,day
week,day
week,year
study,break
week,seven
study,break
week,today
study,learn
place,home
study,school
week,fifty-two
area,rug
study,read
week,work
week,seven
study,work
study,investigate
week,period
week,day
study,hard
day,night
week,work
study,break
day,night
week,days
student,loan
week,day
number,seven
week,seven days
hand,poker
week,bi
week,seven days
day,night
number,item
area,square feet
week,work
hand,signals
week,day
place,location
hand,left
number,digits
number,several
student,pupil
number,7
hand,write
night,evening
state,border
night,dark
state,say
state,New Jersey
state,the obvious
night,dark
state,verbalize
night,day
state,assert
mother,crazy
home,price
word,thing
mother,love
question,mark
country,pasture
question,answer
time,clock
family,love
home,family
year,time
year,birth
question,learn
family,brothers
country,bumpkin
time,clock
word,write
family,dynamic
word,association
country,nation
country,home
time,clock
time,clock
time,up
time,in a bottle
student,desk
school,education
company,firm
business,auspicious
school,days
school,uniform
water,ice
school,building
area,subject
business,contact
area,space
company,CEO
area,volume
business,corporation
school,books
water,lake
point,geometry
business,plan
business,today
life,live
point,pencil
money,bills
water,drink
life,matters
point,finger
point,finger
place,home
point,pixel
point,compass
money,greed
place,
life,
money,cash
point,pencil
money,root of evil
life,death
place,city
point,counter
life,death
point,my
place,home
money,job
money,cash
place,site
life,existence
place,time
life,cherries
place,time
money,time
place,put
money,currency
money,time
place,go
money,love
money,cash
money,value
water,life
money,cash
money,power
money,grubber
work,passion
money,wealth
work,labor
money,cash
money,cash
world,earth
money,corruption
money,cash
money,dollars
money,moult
money,currency
month,twelve
day,light
day,night
world,wide
home,house
day,daytime
month,nothing
day,night
day,night
month,time
home,family
work,slave
month,day
people,humans
mother,child
day,sun
month,menstruation
people,crowds
mother,love
month,time
month,January
year,time
mother,daughter
man,woman
people,humans
student,pupil
year,end
woman,"mary, mother of Jesus"
family,love
issue,child
family,nuclear
story,tell
family,love
student,child
year,to-date
room,doom
woman,female
student,work
way,road
question,query
way,where
issue,proclaim
room,space
hand,thumb
hand,foot
word,sentence
lot,much
word,deed
word,association
lot,building
lot,many
lot,playground
lot,many
world,earth
home,hacienda
man,hole
story,tale
man,woman
question,answer
home,house
world,globe
area,space
company,store
eye,see
area,locality
company,corporation
eye,vision
company,b
company,threes
home,plate
eye,ball
eye,see
mother,son
water,eau
child,little person
child,adult
number,counting
woman,female
way,my
country,land
room,bath
way,how
water,whale
question,answer
water,drink
room,bed
country,serene
number,letter
country,us
issue,come forth
work,study
country,US
water,lake
work,hard
woman,birth
case,court
case,sensitive
woman,female
student,learner
story,county
word,letters
question,why
business,busy
student,learner
year,month
state,Alabama
student,exam
people,Homo Sapiens
year,1976
system,organization
mother,mom
book,read
story,tale
question,answer
mother,dead
system,organization
story,book
family,ties
system,working together
mother,loving
family,emotion
people,family
people,group
people,vote
family,time
people,man
family,member
family,mother
mother,loving
mother,father
mother,woman
family,relatives
group,project
case,instance
business,company
business,chance
family,relations
way,street
group,some
man,human
number,one
school,building
man,woman
issue,item
area,space
hand,job
room,mate
home,hearth
home,again
school,college
man,mensch
child,human
way,ward
state,Washington
case,suitcase
state,say
hand,finger
home,love
man,strong
man,woman
home,abode
business,affairs
area,width
man,male
way,route
man,person
hand,digits
hand,fingers
child,children
room,bedroom
state,North Carolina
world,peace
hand,job
room,temperature
hand,give
room,board
world,dying
room,empty
world,sphere
world,view
world,globe
world,round
world,war
world,map
world,globe
world,la mode
world,peace
world,view
world,earth
world,globe
world,globe
year,progression
woman,strong
eye,pyramid
lot,yard
word,bit
eye,sight
woman,female
thing,object
word,spoken
year,month
eye,see
number,phone
thing,crux
eye,iris
thing,anything
eye,sight
woman,wife
thing,object
year,time
woman,female
woman,man
word,games
number,cruncher
number,amount
number,fun
work,study
word,verb
lot,property
word,truth
work,play
work,play
work,horse
work,labor
work,play
story,line
work,retired
work,play
night,day
work,hard
story,tale
work,play
child,son
night,day
time,clock
area,maths
area,square footage
issue,important idea
child,baby
group,people
area,space
life,fulfillment
question,answer
system,mechanism
day,24 hours
system,team
month,day
case,file
school,old
group,individual
issue,magazine
time,waste
group,circle
school,bricks
group,meeting
month,menses
student,teacher
country,map
case,study
student,learning
question,answer
month,time
country,America
day,night
day,night
student,school
issue,forth
issue,magazine
question,answer
student,teacher
country,nation
question,query
student,teacher
country,nation
student,pupil
question,answer
life,light
point,finger
life,awesome
state,America
water,liquid
state,country
life,long
point,shoot
state,say
point,vector
point,finger
life,death
water,bottle
state,country
water,liquid
business,enterprise
business,store
business,monopoly
business,company
business,studies
business,big
story,narrative
place,mat
book,read
case,Sherlock Holmes
lot,much
place,palace
school,building
year,annual
night,day
time,over
time,passes
year,time
company,friend
time,hour
place,home
system,vehicle
school,days
school,education
system,computer
system,manner
company,friends
system,plan
company,troop
system,organization
company,group
system,plan
company,manufacture
company,squad
company,business
company,organization
company,thief
child,school
way,one
number,numeric
child,wee
child,pinafore
room,full
month,moon
story,yarn
thing,item
number,digit
area,perimeter
home,comfortable
home,alone
thing,amobob
area,space
night,mares
area,space
area,playground
thing,inanimate
people,friendly
night,sleep
people,men
night,day
fact,hard
area,neighborhood
night,black
night,sky
fact,fiction
fact,factoid
fact,true
fact,fallacy
month,day
hand,finger
water,cool
issue,problem
word,word
month,twelve
month,this
month,calender
word,verb
woman,man
part,ways
country,nation
job,employment
book,tome
book,magazine
hand,give
job,money
country,home
case,police
way,farer
part,component
case,hardened
group,collective
case,suitcase
group,people
lot,vacant
case,legal
case,study
group,cluster
way,route
way,path
way,which
point,indicate
way,path
point,number
mother,kind
way,method
time,clock
school,pupil
state,Washington
man,woman
eye,full
time,limit
eye,orb
question,ask
family,clutch
man,woman
time,era
state,say
water,liquid
part,two
issue,disagreement
water,liquid
lot,numerous
home,house
water,wet
state,explain
year,long
issue,problem
story,bedtime
story,child
state,region
story,tale
day,sunshine
year,age
home,house
story,tell
state,mind
state,California
story,interesting
day,noon
place,home
job,work
book,read
number,field
child,mother
place,set
book,read
word,number
people,politics
question,answer
country,hills
job,joy
hand,fingers
word,talk
mother,birth
country,nature
student,learner
hand,to mouth
school,children
thing,it
student,pupil
family,tree
student,pupil
room,office
woman,lady
room,with a view
woman,man
woman,sex
family,kin
family,minded
point,direct
point,sharp
child,joy
number,3
eye,ball
point,place
child,wild
mother,lode
lot,of love
issue,publication
eye,look
number,phone
child,son
group,people
year,time
people,persons
group,aggregate
issue,matter
people,man
school,days
school,early
man,woman
man,husband
life,free
water,falls
night,dark
question,answer
mother,adopted
time,clock
part,piece
time,think
lot,play
book,time consuming
word,dictionary
job,hell
day,night
word,books
thing,a ww ii car
home,work
life,living
thing,object
place,snow
thing,ting
year,book
year,date
year,time
place,location
place,location
mother,guilt
month,January
lot,files
mother,moms face
job,task
life,saver
night,knight
book,read
room,space
question,ask
family,mom
group,set
family,comes
people,crowd
room,space
book,read
hand,help
book,read
problem,difficulty
case,container
book,store
fact,true
school,work
fact,fiction
issue,magazine
number,four
case,notes
area,square
water,H2O
issue,books
area,land
home,house
case,study
area,seven
country,land
part,piece
country,land
man,woman
country,Australia
country,farm
part,time
part,hair
part,goodbye
business,acumen
school,acumen
eye,full
number,one
lot,of
point,view
job,done
time,about
student,learner
job,work
problem,hindrance
problem,
problem,solution
child,kid
study,lecture
water,liquid
woman,female
child,aneesh
child,young person
study,learn
work,play
life,death
people,tortoise
water,toilet
life,meaning
people,others
story,history
story,child
woman,female
month,calendar
people,crowd
month,28 days
system,processing
month,calendar
month,June
word,play
word,sentence
system,order
way,path
word,up
word,writing
word,language
word,speech
word,life
word,
word,sentence part
eye,nose
mother,sweet
business,model
fact,fiction
state,nation
time,minute
fact,reality
home,run
state,insanity
mother,father
group,team
lot,a
family,relatives
group,gathering
day,night
man,woman
point,finger
family,happy
issue,topic
number,house
school,tie
room,saloon
room,closed
room,case
room,living
life,vitality
number,quantity
area,breadth
issue,problem
job,employment
way,exit
job,interview
time,measure
year,annual
lot,deserve
man,woman
time,clock
point,finger
student,scholar
school,learn
woman,female
eye,sight
eye,ball
eye,nose
eye,for
eye,vision
business,work
way,path
system,computer
night,shade
mother,mater
family,friends
area,space
water,drink
company,three's
number,one
school,class
family,mother
night,sleep
people,multitude
area,region
woman,man
question,ask
area,size
year,birth
point,graph
student,school
state,county
home,house
study,work
state,physical condition of something
group,collection
work,necessary
study,learn
lot,salt
thing,item
place,site
thing,object
man,woman
issue,problem
part,of
story,tale
man,of the house
man,husband
thing,cousin it
place,name
place,square
life,day
child,children
child,parent
child,infant
child,mother
life,line
child,birth
system,organization
life,eternal
point,tip
woman,female
month,year
question,answer
system,body
day,light
student,driver
fact,or fiction
problem,trouble
part,hair
problem,easy
student,learn
job,task
story,tale
people,person
group,cluster
business,lucrative
work,pain
people,human
number,digit
number,math
time,measure
business,work
student,learning
story,tale
water,life
lot,plot
country,paisano
work,play
time,out
right,wrong
way,method
water,swimming pool
water,liquid
book,read
home,comfort
home,sweet
issue,problem
issue,big
home,go
book,signing
book,read
book,journal
issue,dispense
company,work
issue,problem
company,work
company,manager
company,business
family,love
point,message
case,suit
study,hall
month,year
part,section
night,good
day,light
question,mark
school,days
year,annual
job,position
way,road
school,work
part,my
room,temperature
room,place
state,of agitation
right,left
lot,burial
room,bed
job,employment
woman,man
hand,tool
lot,parking
fact,information
right,opposite of left
hand,ball
woman,girl
fact,answer
woman,female
mother,love
mother,woman
mother,father
mother,mom
mother,love
mother,sliced bread
mother,mom
mother,mom
mother,father
mother,woman
mother,sacrifice
mother,wife
mother,father
mother,mummy
system,procedure
mother,mom
group,collective
mother,mama
mother,comfort
case,study
thing,some
family,love
night,dark
state,condition
day,diurnal
time,illusion
day,bright
man,male
point,tip
area,region
area,vicinity
man,gender
study,fun
year,old
story,contest
story,tale
question,answer
country,Spain
way,no way
area,field
way,path
area,space
month,January
number,lots
way,out
area,rug
study,guide
story,tale
country,place
story,history
place,name
number,figure
place,location
month,day
month,November
number,quantity
work,job
work,money
night,day
work,hard
point,aim
work,travail
night,evening
work,play
work,office
lot,wife
family,ties
student,visa
thing,object
life,alive
state,current condition
group,categorize
year,new
people,persons
world,global
job,work
life,vitality
life,joy
water,lake
world,large
job,work
eye,glass
part,two
part,separate
part,divide
eye,see
job,work
case,instance
job,work
part,hair
eye,finger
eye,glasses
world,planet
job,calling
school,study
job,related
job,task
job,work
school,elementary
job,occupation
case,study
school,days
school,academy
school,learn
school,homework
case,bank
school,learning
case,box
school,children
school,education
case,worker
job,offer
job,Steve
school,study
case,study
job,work
job,to do
job,work
country,peaceful
job,work
fact,closed
home,family
fact,figure
child,small
woman,adult
question,why
lot,a
child,boy
people,many
point,indicate
money,dollars
year,sun
lot,plenty
man,woman
child,little
money,rich
state,Maryland
year,365 days
right,wrong
lot,group
system,scheme
year,annum
people,humans
company,guest
year,calendar
money,cash
study,pencil
state,mention
study,learn
family,tree
question,ask
place,where
home,hearth
business,sense
right,left
woman,curvy
day,morning
question,answer
business,copy
water,fluid
place,spot
business,enterprise
issue,volume
day,long
room,space
issue,problem
man,gender
man,self
woman,shapely
student,learner
group,association
problem,situation
student,learning
man,woman
room,mate
man,woman
student,university
problem,solution
problem,solved
room,
student,learner
group,women
student,learner
problem,obstacle
problem,issue
group,association
group,study
problem,difficulty
problem,solution
group,many
problem,fix
group,clique
group,together
problem,fix
group,team
problem,solution
problem,solve
group,bunch
problem,solution
group,time
group,association
problem,solving
water,drink
group,family
night,dark
month,day
hand,foot
way,lost
week,toil
month,30 days
point,reason
time,clock
point,see
week,covering
point,shoot
way,method
way,path
way,route
way,path
company,firm
time,rush
company,firm
thing,
country,United States
thing,item
thing,object
thing,monster
thing,such
thing,noun
night,dark
country,lane
world,globe
word,therefore
story,tale
book,page
hand,helping
time,clock
word,game
story,tale
word,want
word,language
hand,need
word,good
water,H2O
family,friend
day,night
home,shelter
family,mother
day,light
study,hall
home,house
family,close
study,hard
time,place
study,peruse
time,watch
time,now
study,attention
home,place
time,measure
home,house
home,cozy
home,house
home,house
home,place
part,party
state,elocute
home,hearth
home,house
business,money
child,abuse
lot,whole
woman,feminine
month,time
world,globe
business,suit
month,day
month,year
room,space
business,controlling
system,work
country,USA
place,home
woman,man
country,home
area,perimeter
life,
people,lots
place,city
people,humans
life,spring
country,place
place,London
room,door
fact,based
fact,fiction
fact,fiction
number,letter
fact,news
day,night
eye,ball
day,night
people,persons
people,crowd
number,how many
week,day
eye,pupil
night,moon
eye,optical
day,morning
eye,chart
number,count
week,time
night,dark
night,day
number,digit
night,day
number,5
world,earth
issue,give
question,problem
point,out
question,always
year,long
company,two
child,memory
point,pencil
year,birthday
book,read
hand,help
book,hardcover
company,friends
book,read
state,division of the US
issue,children
week,long
state,united
child,welfare
world,war
story,board
story,tale
hand,grab
water,thirsty
part,small
world,view
hand,over
book,study
part,way
water,drink
lot,size
lot,bunch
lot,field
lot,salt
lot,group
lot,acre
right,left
room,roommate
money,cash
room,house
woman,beauty
area,total
system,systematic
system,
right,wrong
area,space
woman,female
right,correct
money,dollars
system,gambler
life,breathing
right,correct
life,adventure
student,fun
state,
issue,problem
business,job
case,study
question,answer
student,learn
question,what
year,best
child,baby
water,wet
part,do
water,Agua
question,response
point,sharp
part,piece
state,country
water,pitcher
issue,problem
way,road
water,cool
child,fun
man,woman
way,verge
issue,problem
way,forward
issue,problem
state,nation
man,woman
business,grandfather
state,nation
company,entity
business,enterprise
year,time
company,business
company,friends
point,finger
state,main
year,generation
man,husband
state,territory
year,365
company,talk
year,time
state,location
year,calender
company,work
year,millennium
year,date
area,acre
room,mess
story,imaginative
money,cash
thing,item
word,meaning
hand,help
case,valise
woman,man
money,savings
people,love
week,seven days
people,population
student,learner
week,day
family,friends
hand,manipulate
room,green
case,holder
day,night
fact,truth
week,weekend
week,month
week,period
day,shine
place,here
word,language
week,day
day,today
day,night
student,teacher
week,seven days
week,workweek
place,put
fact,logic
fact,truth
money,livelihood
fact,a given
thing,item
fact,fiction
place,home
thing,past
people,smile
place,set
story,board
family,mum
part,thing
woman,great
work,money
woman,man
book,read
book,read
month,December
story,tale
point,circle
point,finger
child,my
point,blank
family,dad
child,young
time,25
point,pen
time,space
night,evening
system,way
time,bottle
time,era
night,day
child,children
time,flies
system,computer
night,evening
study,hard
world,small
world,map
night,day
study,homework
night,day
world,globe
night,evening
night,time
world,globe
world,map
study,book
world,globe
night,night light
world,war
night,light
study,group
study,school
world,peace
night,time
study,learn
world,huge
world,huge
study,read
study,books
world,vast
world,earth
study,learn
study,room
world,ocean
part,hair
world,peace
study,microscope
world,warming
study,book
study,pore over
world,globe
eye,look at
world,wide
study,hard
study,exams
area,research
business,study
study,science
man,woman
question,answer
study,read
study,books
study,educate
month,day
study,college
man,human
question,answer
hand,body part
part,whole
school,bus
business,plan
book,read
month,day
case,box
business,work
right,correct
area,space
school,building
word,speak
school,test
number,one
life,work
right,wrong
hand,stand
case,box
room,space
way,path
word,sentence
room,bed
word,play
room,living
way,route
country,exurb
room,house
room,space
country,cousin
word,swear
way,Tao
country,county
way,route
room,living
room,rent
country,America
way,fare
country,nation
way,path
way,to
country,music
country,city
number,count
number,nine
issue,magazine
case,file
student,school
eye,window
number,five
life,being
system,way
work,toil
people,folk
issue,tissue
family,work
life,song
system,ordered
life,long
life,death
life,death
life,love
family,children
system,organization
family,friends
family,adverb
family,tight
family,tablecloth
family,mother
eye,ball
family,pain
eye,see
eye,eyeball
family,children
eye,ball
family,friends
family,values
family,sisters
family,circle
family,relatives
eye,sight
eye,tooth
eye,elephant
story,book
work,job
work,job
company,store
question,ask
work,money
question,authority
woman,man
day,break
question,ponder
work,awful
day,24 hours
hand,foot
day,night
student,location
part,hairline
company,of others
hand,fingers
company,group
hand,finger
company,guests
day,sun
right,wrong
book,read
area,length x width
money,moolah
water,blue
money,dollars
right,correct
water,liquid
money,green
book,read
right,left
right,OK
area,space
area,space
money,currency
area,district
area,space
money,cash
area,large
money,filthy
man,woman
area,place
water,liquid
man,woman
man,
man,woman
man,woman
man,woman
man,person
issue,problem
story,fairytale
school,blue
story,glory
woman,lady
month,year
school,yard
place,here
story,book
child,kid
point,finger
child,young
point,click
lot,feed
lot,yard
business,deal
case,study
point,pin
people,class
business,company
case,file
business,lot to do
people,crowds
case,study
business,man
people,persons
lot,auction
lot,acre
people,humans
thing,object
business,world
case,upper
thing,something
people,social
business,money
thing,substance
people,crowded
case,law
lot,of salt
business,work
case,box
case,study
thing,Dr Seuss
people,places
people,crowds
people,friendly
people,person
thing,noun
people,family
thing,sewing machine
thing,wild thing
people,crowd
thing,last
people,nation
word,paragraph
place,home
thing,own
woman,legal
place,keeper
part,section
part,role
month,December
part,and parcel
number,tally
book,read
system,operations
part,car
month,year
part,of
part,car
month,week
number,various numbers
book,read
number,too many
number,counting
number,data
book,read
book,report
book,save
book,title
book,binding
student,work
fact,fiction
hand,foot
year,Friday
problem,strength
fact,item of truth
issue,discussion
child,tot
word,John
question,period
water,dilute
child,tot
problem,poser
state,full
problem,solve
woman,female
state,n.h.
woman,pretty
water,company
water,drink
water,fall
water,bottle
point,meaning
day,night
work,earn
hand,finger
week,month
issue,resolve
issue,give
word,write
work,week
time,clock
issue,newspaper
story,funny
home,school
word,
work,employment
week,work
question,ask
school,reading
company,guests
question,ask
group,church
school,hell
work,ethic
system,theory
word,sentence
system,network
system,arrangement
company,corporation
week,seven days
hand,out
school,elementary
company,corporation
system,process
year,age
hand,right
system,of a down
year,month
system,organization
company,friends
year,month
company,accounts
hand,left
company,board
company,corporation
system,environment
place,value
system,down
job,search
year,time
place,town
system,operating
place,home
job,home
place,spot
year,annum
job,employment
place,
job,work
job,obligation
place,put
place,home
place,hide
job,application
job,salary
state,say
place,put
place,location
job,work
right,left
group,committee
right,wrong
life,people
child,small
state,Maine
right,on
day,now
time,infinite
mother,father
child,son
group,people
group,crowd
point,line
day,sun
woman,joy
fact,proven
home,comfort
day,night
woman,man
home,dwelling
fact,
student,school
fact,reality
home,house
day,night
student,study
home,house
story,telling
story,book
story,tale
woman,me
home,here
home,comforts
fact,reality
fact,matter
story,telling
story,time
fact,train
fact,data
fact,datum
problem,idea
time,clock
life,joy
problem,question
mother,Lois
money,currency
money,dollar
lot,group
lot,parking
lot,much
money,currency
money,ball
lot,many
question,answer
lot,plenty
question,answer
point,and shoot
question,
point,best
question,mark
question,mark
point,direction
point,guard
point,no
area,carpet
point,mouse
point,shoot
point,finger
state,California
word,sentence
country,United States
life,death
state,say
state,California
mother,Madre
country,farm
room,library
country,land
school,high
country,principality
state,nation
word,association
way,opening
way,to go
school,education
room,space
time,clock
month,day
child,minder
month,January
room,space
issue,problem
issue,magazine
issue,children
issue,at hand
business,buy
way,via
business,money
child,son
mother,love
night,post
man,woman
mother,protect
area,around
child,parent
time,closing
man,male
number,digit
work,wage
night,tine
group,groupie
mother,mum
work,retired
life,force
night,time
problem,stress
mother,father
right,bright
work,hard
hand,work
life,love
student,demonstration
time,passage
night,dark
right,correct
group,together
hand,beer
work,play
time,past
right,correct
night,Jack
life,get
area,green
week,seven days
student,teacher
problem,solution
week,day
week,month
problem,question
week,days
problem,bad
problem,difficulty
week,day
week,day
case,study
woman,man
water,aqua
school,learn
water,swim
word,play
day,morning
water,life
eye,see
book,enjoy
number,math
book,read
eye,full
eye,bright
eye,keen
eye,blue
word,yo
story,reading
way,route
word,phrase
child,baby
case,holder
story,fairy
number,count
day,gone
word,association
child,kid
child,kid
month,year day
story,fable
child,kid
year,calendar
student,young
number,count
school,room
child,father
woman,man
student,school
hand,arm
money,cash
group,therapy
hand,foot
room,bedroom
room,space
money,cash
room,inn
hand,glove
hand,left
room,bed
group,herd
room,study
money,cash
room,rest
group,hug
money,honey
business,world
group,people
money,dollar
room,bath
money,cash
group,collection
room,bed
money,earning
day,night
room,cozy
group,hug
area,space
issue,topic
way,out
hand,glove
home,house
time,flies
part,whole
woman,man
right,correct
man,woman
issue,subject
company,business
part,section
right,wrong
thing,object
part,leave
month,time
way,too
woman,man
month,season
year,time
month,year
month,calendar
way,path
way,direction
area,space
case,situation
year,age
year,age
year,another
case,song
case,briefcase
school,fish
school,elementary
school,days
lot,lottery
school,classroom
life,death
country,opposite of city
company,officers
question,answer
book,read
book,codicil
home,house
business,stocks
number,phone
business,money
mother,mine
home,house
day,night
time,hour
time,after time
country,continent
student,college
thing,some
problem,health
life,death
night,day
story,time
lot,auction
mother,father
issue,idea
day,to day
story,tale
question,information
problem,question
woman,man
word,Bible
problem,solution
mother,mama
state,condition
right,yes
water,wet
area,square
work,a day
number,quantity
lot,parking
work,hard
number,one
man,woman
area,here
lot,group
fact,knowledge
student,learn
man,brave
fact,fiction
company,logo
company,sondheim
student,struck
man,mourn
student,youth
student,education
company,business
company,friends
night,evening
business,plan
thing,swamp
water,H2O
book,tome
water,waiter
day,night
people,places
thing,item
part,hair
woman,man
thing,nothing
home,house
woman,equal
issue,trouble
word,basic
system,down
life,death
home,comfort
issue,quality
world,war
home,sweet
life,breathe
word,promise
world,globe
right,correct
life,blood
word,focal
job,work
time,thyme
job,work
right,wrong
job,work
right,left
year,days
area,circumference
hand,ring
work,job
work,play
people,group
hand,right
book,read
area,locale
place,home
system,computer
story,book
month,day
book,study
family,happy
part,section
month,day
story,book
state,position
time,dimension
way,direction
night,dark
number,phone
question,answer
part,section
case,lawsuit
child,adult
case,study
state,of mind
mother,me
eye,blink
case,book
way,no way
country,USA
state,Mississippi
country,us
time,in a bottle
week,seven
country,place
way,out
way,road
week,seven days
eye,see
business,entrepreneur
week,seven
eye,see
eye,see
week,calendar
week,day
week,seven days
week,month
year,old
problem,trouble
water,ice
number,telephone
government,capital
government,laws
student,scholar
system,thinking
point,pencil
study,hall
water,swim
group,gather
work,trial
thing,penis
program,music
program,show
business,science
world,planet
program,score card
right,wing
right,dexterous
world,earth
world,universe
point,sharp
question,mark
study,den
thing,any
work,play
country,Canada
water,swim
system,product
business,work
group,association
student,visa
group,cohort
question,mark
point,map
student,learner
right,correct
study,review
water,pure
work,retire
thing,object
government,bailout
system,organization
program,compute
government,big
study,science
business,affair
student,college
work,play
group,crowd
thing,stuff
question,query
right,left
point,tip
system,overload
water,fresh
program,agenda
work,hard
student,teacher
question,mark
study,research
right,wrong
thing,the
government,red-tape
program,layout
government,study
program,show
government,necessary
program,plan
government,waste
program,TV
government,people
program,code
government,people
program,folder
government,rule
program,run
government,White House
program,booklet
program,school
government,big
program,theater
government,politics
program,TV
government,insipid
program,computer
program,television
government,bureaucracy
program,computer
government,parliament
government,politics
program,schedule
government,bad
program,course
government,state
program,computer
program,help
government,country
program,preset
government,law
program,school
government,lead
program,computer
government,system
government,parliament
program,function
government,mystery
government,power
program,write
government,Washington
government,Obama
program,code
program,code
program,coding
government,rule
government,White House
government,Australia
government,big
program,school
government,rule
program,update
program,computer
government,council
program,study
program,code
government,distress
government,governor
government,politics
program,computer
program,computer
government,democracy
government,ruler
government,people
government,authority
program,Playbill
program,progress
program,create
program,story
government,wrong
government,rule
program,computer
program,computer
government,cops
government,awful
government,big
government,jobs
program,study
program,computer
program,code
program,computer
program,
program,computer
program,computer
program,programmer
program,computer
program,computer
program,beef
government,oppressive
government,Orwellian
government,abuse
government,big brother
government,country
government,people
government,building
government,politics
government,control
government,federal
government,oppressive
program,computer
program,venue
program,computer
program,school
government,control
government,sucks
government,regulations
program,school
program,computer
government,bush
government,serious
government,White House
program,show
program,complete
program,computer
government,big
government,authority
program,computer
program,computer
government,America
government,bed
government,corruption
program,computer
program,visual
government,US
program,brochures
program,program
program,application
government,local
program,events
program,computer
government,democracy
government,bad
government,parliament
government,capitol
program,
government,corrupt
program,television
program,computer
program,computer
government,white
government,people
government,people
government,president
program,computer
government,politics
program,computer
program,fix
government,assholes
government,scum
program,pogrom
government,politics
program,computer
government,president
program,study
government,bureaucracy
program,computer
program,cookie
government,representation
government,bad
government,futile
program,music
program,study
government,United States
government,law
program,computer
program,Pascal
government,ruler
program,computer
government,stable
government,labor
program,show
government,corrupt
program,computer
program,write computer job
government,election
program,code
program,evaluation
government,bureaucracy
program,agenda
program,computer
government,shitty
government,politics
program,
program,system
life,vida
people,humans
night,rest
man,woman
man,woman
place,person
room,space
program,compute
issue,magazine
night,owl
hand,left
life,line
month,calendar
family,relationship
hand,finger
man,male
school,learn
job,
place,location
month,day
time,watch
life,death
room,closed
mother,fucker
family,friends
lot,parking
job,work
money,cash
night,sleep
hand,foot
life,purpose
place,location
school,student
